{ 
    "configs":
    {
        "id":12345,
        "title":"고양이 찾기"
        "writer":"양동국"
        "illustrator":"free"
        "description":"sdfeg"
        "defaultImage":"default.gif"
    },

    "slide":[
        {
            "slideId":100,
            "slideImage":"1.gif"
            "slideTitle":"고양이 찾기"
            "slideDetail":"디테일 샘플"
            "slideQuestion":"질문"
            "selectCount":0
            "slideItems":[
                {
                    "itemId":101
                    "itemTitle":"선택지1"
                    "showCondition":[
                        {
                            "showConditionId":202
                            "showConditionCount":3
                        },
                        {
                            "showConditionId":301
                            "showConditionCount":2
                        },
                    ]
                    "enterItem":[
                        {
                            "enterCondition":[
                                
                            ]
                        },
                        {}
                    ]
                    
                }
            ]
        }
    ]
}

숨딩은 고양이 찾기!

나의 고양이 존 크리스탈을 찾아주세요..
누군가 데려간걸까요?
크리스탈의 친구들이 오늘따라 이상하군요..

크리스탈의 친구 행동을 유심히 살펴보면 다른 고양이가 어딨는지 찾을 수 있어요!
2 : 누군가가 존을 데려간다.
2.1 : 하얀 고양이 믕믕에게로 -> 6
2.2 : 얼룩 고양이 모모에게로 -> 3

1 : 배부른 고양이 존이 놀란다음 밥그릇 본다
존... 그녀석은 내 먹이를 다 먹어 버렸지.. 괘씸한 녀석
나와 한바퀴 돌지 않겠나?
1.1 돌아준다. -> 8
1.2 안돌아준다 -> 4

4 : 잠자는 고양이 존 => 엔

3 : 응꼬를 핥으려는 얼룩 고양이 하지만 닿지 않는다
3.1 박스를 가져다 준다. -> 5
3.3 다시 존을 잃어버린 자리로 돌아간다 -> 2

5 : 뺑글뺑글 상자속의 얼룩 고양이 (업 + 2개 줄)
5.1 뺑글뺑글 고양이와 함께 돈다

6 : 어항속의 하양고양이 웃는다. (물고기 세마리)
6.1 고양이 머리에서 어항을 빼버린다 -> x3 -> 8.
6.2 고양이와 함께 물고기를 바라본다 -> 4 -> 7. 하얀고양이가 질식해 주거버렸당..
6.3 다시 존을 잃어버린 자리로 돌아간다 -> 2

7.

8 : 뺑글뺑글 상자속의 얼룩 고양이 (업 + 2개 줄)
8.1 뺑글뺑글 고양이와 함께 돈다
8.2 얼룩 고양이를 멈춰 세우고 존의 행방을 묻는다 -> 1


